{
 "method": "detector",
 "median": 0.6346997351358046,
 "mean": 0.589668144571813,
 "1u": 0.8535829632971883,
 ">1u": 0.5642256497916401,
 "n": 50
}