{
 "ellipse_of_GT": {
  "median": 0.9489671661874681,
  "mean": 0.935334568639864,
  "1u": 0.9553914113394709,
  ">1u": 0.9393892085571528
 },
 "auto_redceil": {
  "median": 0.9378270212592061,
  "mean": 0.8243462613239495,
  "1u": 0.9991191090712258,
  ">1u": 0.8688278839227204
 },
 "auto_redceil_ell": {
  "median": 0.8724410739612889,
  "mean": 0.7936132701447917,
  "1u": 0.9416638037452723,
  ">1u": 0.8389861781969499
 },
 "ceil_redceil": {
  "median": 1.0,
  "mean": 1.0,
  "1u": 1.0,
  ">1u": 1.0
 },
 "ceil_redceil_ell": {
  "median": 0.9489671661874681,
  "mean": 0.935334568639864,
  "1u": 0.9553914113394709,
  ">1u": 0.9393892085571528
 }
}