{
 "base": {
  "median": 0.6346997351358046,
  "mean": 0.589668144571813,
  "1u": 0.8535829632971883,
  ">1u": 0.5642256497916401
 },
 "merge": {
  "median": 0.6083731720904839,
  "mean": 0.5735423485944878,
  "1u": 0.8379163613285294,
  ">1u": 0.5069013850384304
 },
 "merge_d40": {
  "median": 0.6056010397671476,
  "mean": 0.569037421004965,
  "1u": 0.8342558978947585,
  ">1u": 0.4708814219008609
 }
}