{
 "auto_base": {
  "median": 0.6346997351358046,
  "mean": 0.589668144571813,
  "1u": 0.8535829632971883,
  ">1u": 0.5642256497916401
 },
 "auto_cc_rebox": {
  "median": 0.6227751140943938,
  "mean": 0.5800180122658765,
  "1u": 0.8537798829226865,
  ">1u": 0.5513657143381101
 },
 "auto_ell_rebox": {
  "median": 0.6152072147401586,
  "mean": 0.5729933153694778,
  "1u": 0.8358055829829769,
  ">1u": 0.4885974874953257
 },
 "auto_ell_fill": {
  "median": 0.6016418642049488,
  "mean": 0.578876317640607,
  "1u": 0.8575837263012454,
  ">1u": 0.5635892741189716
 },
 "auto_cc_rebox2": {
  "median": 0.6045654642573475,
  "mean": 0.5778012291806486,
  "1u": 0.8403711295012746,
  ">1u": 0.5679913047908672
 },
 "ceil_base": {
  "median": 0.8834342375294867,
  "mean": 0.8682485676316539,
  "1u": 0.8900699328894787,
  ">1u": 0.8804044344371422
 },
 "ceil_cc_rebox": {
  "median": 0.8550402624985236,
  "mean": 0.8395303693513495,
  "1u": 0.8770235722077216,
  ">1u": 0.8390736140323508
 },
 "ceil_ell_rebox": {
  "median": 0.8153507511557843,
  "mean": 0.7911218511424456,
  "1u": 0.855192895293158,
  ">1u": 0.7908738084850955
 },
 "ceil_ell_fill": {
  "median": 0.8872687845661762,
  "mean": 0.8600822849553524,
  "1u": 0.9009854442214353,
  ">1u": 0.8706334526136986
 },
 "ceil_cc_rebox2": {
  "median": 0.8195835032083225,
  "mean": 0.8085051273245263,
  "1u": 0.8542518680311502,
  ">1u": 0.8024078803059357
 }
}