{
 "method": "centerpoint",
 "median": 0.5992157974601915,
 "mean": 0.5672304246517929,
 "1u": 0.8235276604538129,
 ">1u": 0.5444117713670289,
 "n": 50
}