{
 "method": "iter",
 "median": 0.6396769910421053,
 "mean": 0.5935758240633988,
 "1u": 0.8496053389145233,
 ">1u": 0.5678512442970519,
 "n": 50
}