{
 "method": "anomaly",
 "median": 0.057279700209175735,
 "mean": 0.12971046358911484,
 "1u": 0.008096005844491189,
 ">1u": 0.11855904483549295,
 "n": 50
}