{
 "method": "refiner",
 "median": 0.6296284299629152,
 "mean": 0.5899865525955694,
 "1u": 0.8547012092624975,
 ">1u": 0.5643698898409855,
 "n": 50
}