{
 "method": "slic",
 "median": 0.4946077274979396,
 "mean": 0.5108294944776324,
 "1u": 0.8213049880195364,
 ">1u": 0.3651114803716581,
 "n": 50
}