{
 "method": "grid",
 "median": 0.5045645359875068,
 "mean": 0.5212650271093439,
 "1u": 0.8344456528695583,
 ">1u": 0.3953168273356844,
 "n": 50
}