{
 "median": 0.5429998634496866,
 "mean": 0.5285326147362839
}