{
 "method": "yolo",
 "median": 0.5605904107257209,
 "mean": 0.5087521294950609,
 "1u": 0.8309945678886741,
 ">1u": 0.4729584508362874,
 "n": 50
}