{
 "method": "size",
 "median": 0.6346997351358046,
 "mean": 0.5929700356369161,
 "1u": 0.8535829632971883,
 ">1u": 0.5700857739183662,
 "n": 50
}