{
 "method": "amg",
 "median": 0.35559858084340024,
 "mean": 0.36372297978343676,
 "1u": 0.3052928153058069,
 ">1u": 0.35699695633075,
 "n": 50
}