{
 "full_auto_median": 0.5786923198789322,
 "full_auto_mean": 0.5458699210819231,
 "fa_1u": 0.6702356648586244,
 "fa_mul": 0.528888910246949,
 "ceiling_median": 0.8498162132775564,
 "ceiling_mean": 0.8381188152482117,
 "ceil_1u": 0.8542738194373536,
 "ceil_mul": 0.8498162132775564
}