{
 "none": {
  "auto_median": 0.6346997351358046,
  "ceil_median": 0.8834342375294867,
  "auto_mean": 0.589668144571813,
  "ceil_mean": 0.8682485676316539
 },
 "guided": {
  "auto_median": 0.6355026501828168,
  "ceil_median": 0.8843156222440143,
  "auto_mean": 0.590026959518109,
  "ceil_mean": 0.8684544722505428
 },
 "gac": {
  "auto_median": 0.6436288394846194,
  "ceil_median": 0.8616668874503366,
  "auto_mean": 0.588078695680824,
  "ceil_mean": 0.8562516781215685
 },
 "acwe": {
  "auto_median": 0.6291139739401181,
  "ceil_median": 0.8744453519510711,
  "auto_mean": 0.5891840929291415,
  "ceil_mean": 0.8606785953587356
 }
}