{
 "tag": "swin_labtex_bd",
 "full_auto_median": 0.6266512496328452,
 "full_auto_mean": 0.5865102560663538,
 "fa_1u": 0.8353104136725535,
 "fa_mul": 0.5582132985484811,
 "ceiling_median": 0.8673762920068453,
 "ceiling_mean": 0.8564429182208871,
 "ceil_1u": 0.8693148151392105,
 "ceil_mul": 0.8667295006555764,
 "n": 50
}