{
 "median": 0.6237998197597322,
 "mean": 0.60431738816176,
 "1u": 0.8377902857518491,
 ">1u": 0.5910610601979949
}