{
 "tag": "segR_labtex",
 "full_auto_median": 0.6498639207844465,
 "full_auto_mean": 0.592656381629171,
 "fa_1u": 0.8406517079846769,
 "fa_mul": 0.5816585551520337,
 "ceiling_median": 0.8736773274479162,
 "ceiling_mean": 0.8648099816221666,
 "ceil_1u": 0.8770361798942019,
 "ceil_mul": 0.8736773274479162,
 "n": 50
}