{
 "tag": "segR_lab",
 "full_auto_median": 0.6346997351358046,
 "full_auto_mean": 0.589668144571813,
 "fa_1u": 0.8535829632971883,
 "fa_mul": 0.5642256497916401,
 "ceiling_median": 0.8834342375294867,
 "ceiling_mean": 0.8682485676316539,
 "ceil_1u": 0.8900699328894787,
 "ceil_mul": 0.8804044344371422,
 "n": 50
}