{
 "tag": "segR_labtex_bd",
 "full_auto_median": 0.643111407147963,
 "full_auto_mean": 0.5901165275655547,
 "fa_1u": 0.8446599215299868,
 "fa_mul": 0.5798056758049619,
 "ceiling_median": 0.8777051341931728,
 "ceiling_mean": 0.8656893760805708,
 "ceil_1u": 0.8739533933379268,
 "ceil_mul": 0.8789759465078534,
 "n": 50
}