{
 "tag": "seg_unet_scratch",
 "full_auto_median": 0.6265657524465902,
 "full_auto_mean": 0.5887283264675269,
 "fa_1u": 0.8312428971727389,
 "fa_mul": 0.5696830960450181,
 "ceiling_median": 0.8847548617881987,
 "ceiling_mean": 0.8697234888784303,
 "ceil_1u": 0.8909275232378924,
 "ceil_mul": 0.8847548617881987,
 "n": 50
}