{
 "tag": "segR_lab_cldice",
 "full_auto_median": 0.613273702796565,
 "full_auto_mean": 0.5825942162331261,
 "fa_1u": 0.8376628499209964,
 "fa_mul": 0.5570294134210592,
 "ceiling_median": 0.8924630777296567,
 "ceiling_mean": 0.8711449014985363,
 "ceil_1u": 0.8941316195244979,
 "ceil_mul": 0.8921158956395143,
 "n": 50
}