{
 "median": 0.6371499144434998,
 "mean": 0.6238597390361359,
 "1u": 0.8417777784569629,
 ">1u": 0.5991470330993622,
 "backbone": "sam2.1_hiera_large.pt"
}