{
 "tag": "segR_lab_adv",
 "full_auto_median": 0.616413914106821,
 "full_auto_mean": 0.5863205139575915,
 "fa_1u": 0.8464065110704009,
 "fa_mul": 0.5701592817944926,
 "ceiling_median": 0.876976939962172,
 "ceiling_mean": 0.8647336067255327,
 "ceil_1u": 0.8726729033390317,
 "ceil_mul": 0.8795952498970143,
 "n": 50
}