{
 "tag": "seg_mae",
 "full_auto_median": 0.63232395366853,
 "full_auto_mean": 0.5898172982214713,
 "fa_1u": 0.827703149574419,
 "fa_mul": 0.571259428821898,
 "ceiling_median": 0.8843623983324542,
 "ceiling_mean": 0.8673668935209848,
 "ceil_1u": 0.8832842172581409,
 "ceil_mul": 0.8843623983324542,
 "n": 50
}