{
 "tag": "be_lab",
 "full_auto_median": 0.6306744316531196,
 "full_auto_mean": 0.5904287040448565,
 "fa_1u": 0.8222673623182473,
 "fa_mul": 0.5734516566703858,
 "ceiling_median": 0.859933466417628,
 "ceiling_mean": 0.8483268317423925,
 "ceil_1u": 0.8615789793947446,
 "ceil_mul": 0.859933466417628,
 "n": 50
}