{
 "tag": "segR_rgb",
 "full_auto_median": 0.6159293358991406,
 "full_auto_mean": 0.5817950795498907,
 "fa_1u": 0.8292216325281444,
 "fa_mul": 0.5598830901353322,
 "ceiling_median": 0.878579146404602,
 "ceiling_mean": 0.8636512502638348,
 "ceil_1u": 0.87895420967724,
 "ceil_mul": 0.8779085769782022,
 "n": 50
}