{
 "tag": "segR_lab_adv_cldice",
 "full_auto_median": 0.6121118691609162,
 "full_auto_mean": 0.5838965875526697,
 "fa_1u": 0.8438492413316039,
 "fa_mul": 0.547353317504429,
 "ceiling_median": 0.8880494084897144,
 "ceiling_mean": 0.8724395014147152,
 "ceil_1u": 0.8849856510378833,
 "ceil_mul": 0.888120627208552,
 "n": 50
}