{
 "tag": "segR_labtex_focaldice",
 "full_auto_median": 0.6036133913492985,
 "full_auto_mean": 0.5799186060087232,
 "fa_1u": 0.8252057545759917,
 "fa_mul": 0.5549944557776826,
 "ceiling_median": 0.8861188456823734,
 "ceiling_mean": 0.8683712453930756,
 "ceil_1u": 0.8832251453104725,
 "ceil_mul": 0.8877294067593637,
 "n": 50
}