{
 "tag": "fft_lab",
 "full_auto_median": 0.6240536759774431,
 "full_auto_mean": 0.5885123578910345,
 "fa_1u": 0.8410397408900437,
 "fa_mul": 0.5644996035840069,
 "ceiling_median": 0.8663938185808456,
 "ceiling_mean": 0.8522086165558422,
 "ceil_1u": 0.8766392129963064,
 "ceil_mul": 0.8594647606513885,
 "n": 50
}