{
 "iters": 10,
 "ceiling_median": 0.8765853354774105,
 "full_auto_median": 0.6396981308839889
}