{
 "vlm_median": 0.29860057074550117,
 "vlm_mean": 0.3491041416377592,
 "det_median": 0.6548735997738914,
 "det_mean": 0.6324569584626579,
 "rows": [
  [
   "SS21-42826",
   1,
   0.8929192309916751,
   0.8865993846400545
  ],
  [
   "SS22-49889",
   3,
   0.4918371238816984,
   0.6379399870188227
  ],
  [
   "SS23-12955",
   1,
   0.0,
   0.8530599283219162
  ],
  [
   "SS22-23641",
   2,
   0.0,
   0.4483582397373871
  ],
  [
   "SS21-34765",
   4,
   0.14696806552707534,
   0.4796535879338427
  ],
  [
   "SS22-02205",
   3,
   0.201572805983063,
   0.626127237794389
  ],
  [
   "SS23-61141",
   2,
   0.3956283355079393,
   0.7897119641612675
  ],
  [
   "SS22-45604",
   2,
   0.8035191318261226,
   0.67180721252896
  ],
  [
   "SS21-58881",
   1,
   0.05357191099264275,
   0.38359377819481033
  ],
  [
   "SS21-53209",
   2,
   0.5032677667912621,
   0.7890050828859287
  ],
  [
   "SS21-42835",
   3,
   0.1561149450181632,
   0.1677184743489932
  ],
  [
   "SS23-45516",
   1,
   0.543850383133469,
   0.8559086239855235
  ]
 ]
}